25.9086317571968,26.0215504908836,25.4343135554543,26.3143642447419,25.8446540130151,0.1186064304838,25.4510920983086,25.8730155367231,24.8315749357025,26.0811741245136,25.3583023970498,0.4639832515027,0.0000000000000
28.0087797586695,27.6266848635237,27.7741607178072,28.0877874564460,28.4037577696526,1.9730977018574,28.0778181221991,27.7270520446096,27.7140263911620,28.5218235714285,28.3913824928639,2.0885711250160,0.0000000000000
29.5936532047419,30.0834569045412,29.1169074237349,30.2096947852760,29.7438020223523,3.7884652839761,29.4514601905934,30.1276132653061,28.9294442859691,30.1719875518672,29.0533413940255,3.5705966242920,0.0000000000000
27.8789229828851,27.6778608806637,27.5141422818794,28.5151488054607,27.5655204345577,1.8181681006404,27.6600448455951,27.5499167230873,27.3393142688679,28.2662244897959,26.8396185929648,1.4987685186790,0.0000000000000
26.2157848600342,26.3478020585906,25.6465354349372,26.7953211792087,26.2518038740920,0.2870979192385,26.7495817550962,26.8041399613900,26.1583232429587,27.3936224315069,26.8864156018830,0.8106253094346,0.0000000000000
26.5308202837626,27.3245129870130,25.7850143161743,27.7604188679245,26.2668711072664,0.7842043195946,26.8816790969899,27.5308661800486,26.1108164556963,27.9170891514500,26.5666701323251,1.0313604798800,0.0000000000000
26.1175845392233,25.9335775280899,25.6937352056168,26.6150034522440,26.2396612410987,0.2068379899090,26.4326914464025,26.4884987168520,26.1023929648241,26.0640887573964,26.9436843718080,0.5676218240219,0.0000000000000
24.3920515352847,23.1659336188437,24.7240570830843,23.5070492196879,25.0845440647482,1.8796040034090,24.6737888367053,24.0548752345216,24.9776202046035,23.5370187590187,24.3772129783694,1.7633182058717,0.0000000000000
24.7147330205277,23.7844554250173,24.3156382216603,24.8654296351452,25.5120764887063,1.3806000573677,24.9664839009645,24.2078681318681,24.5354792249731,24.9572621951219,25.7096599469496,1.1474326252718,0.0000000000000
26.9840070488235,27.2935900104057,26.3741111111111,28.1406432272391,26.8527039438141,1.1652620731425,26.8037912440489,26.7397311422414,26.4156190758294,27.5098654230513,26.6713722812342,0.8341469805891,0.0000000000000
26.2649561710546,25.8679359073359,26.1817165732587,26.1993040173724,26.4053214826022,0.3799495327881,26.0005228119180,25.8915741839762,25.7029512195122,26.1571252653928,26.0132085937500,0.1668650909733,0.0000000000000
27.9663702818920,29.0186141879278,27.1786716253444,29.0359267241379,27.6488547880691,2.2205168313698,27.6127765556253,28.5414208037825,26.5517116860962,29.4414740024184,27.7550695443645,2.0724190091654,0.0000000000000
26.3033253214086,26.4237705544933,25.7820912128300,26.7113031446541,26.4528350340136,0.3424999864978,26.7683676339683,27.2740901213172,26.1360144781145,27.3228476562500,26.2411736281736,0.7435314709638,0.0000000000000
28.5000180429128,27.7246908296943,28.7693505817514,28.0847940038685,29.4204969650986,2.4998330951032,28.4460072708828,27.9679215867159,28.5314352517986,28.2653874614594,28.9978219291015,2.4406415572688,0.0000000000000
29.0960514555146,28.8684684418146,29.2121476586102,28.9514985549133,29.4064830053667,3.1096494151762,28.8388589769718,29.0372560335782,28.6366380484115,29.1705042492918,28.8493656024717,2.9234409834383,0.0000000000000
27.0166732589588,27.2028340573414,26.7135753107834,27.7160012787724,26.7087071960298,1.0852794607318,27.7188613102185,27.5166137566137,27.5774843561974,27.9673983353151,27.9406600910470,1.7505391347933,0.0000000000000
24.1019609846725,24.2554080221300,23.7232173913043,24.2273225806451,24.1076986986987,1.9215883268055,23.9857840364335,23.7702107329843,23.7679860383944,24.1067611940299,23.9286016166282,2.1066101044908,0.0000000000000
26.9462785340314,26.3795215252153,26.8419690233236,26.7728796526054,27.7844169787766,0.9446967949802,27.2258970358814,26.4677920454545,27.0592245421246,27.1169832935561,27.7067041095891,1.0876759976811,0.0000000000000
26.5284057564952,25.8054840848806,26.5792340234023,26.4110321489002,27.2375615183246,0.6555859014366,25.8974985163206,26.0642428571429,25.2953857677902,26.6046672000000,25.7176484918794,0.1818475207969,0.0000000000000
23.5782172091524,23.7629834515366,23.1209450726979,24.0999655831740,23.3124029197080,2.4259257432209,23.5457214456188,23.8382928870293,23.0381063063063,24.1436775599129,23.0443405909798,2.4838956639429,0.0000000000000
25.1972960233768,25.4861537861046,24.5978172612199,26.2028259312321,24.6753317278747,0.7594678233922,25.5155631699844,25.1710631313131,25.1955150784077,25.6504166085136,25.8685901449276,0.5628988316733,0.0000000000000
24.5679302569478,25.1294377022653,23.5302505441355,26.4368249468462,24.0402505952381,1.2342215263018,24.9580684099309,25.6975850681982,24.1652961006291,26.1248045879354,25.0232992081448,0.7472537587731,0.0000000000000
24.2357450589302,24.5591192307692,23.6200591413990,25.6739073319756,23.3545422106180,1.6980930213096,24.8833996422894,25.0772438650307,24.5012216027876,25.7119339622642,24.6206330998249,1.0222418675232,0.0000000000000
26.5149532868316,27.2445379975875,25.8351545033820,27.9013687230990,25.7732470373746,0.7019535466734,26.1955747726834,26.4267281420765,25.5763464095744,27.7212916213276,25.2538758231420,0.5794493826719,0.0000000000000
27.6172967910556,27.6277266666666,27.3045968474485,27.6645332167832,27.5750105067985,1.5429668094242,27.6639399851079,27.1670467128028,27.5956768874747,27.4974848993289,27.9497973720608,1.5525014679168,0.0000000000000
27.6389693564861,27.5241875816994,27.3876137219908,28.0572265682657,27.8642751196173,1.7083257478933,27.6346700145074,27.2732353643966,27.5144136006614,27.6777693370165,28.0378643216080,1.6258206559206,0.0000000000000
26.2643596059112,25.7839935103245,26.2869771752188,25.9564745653574,26.4128415509813,0.4898376626296,26.7499560383519,25.8726362028302,26.9350347091933,26.0216353361095,27.3823101494075,0.8557683299153,0.0000000000000
26.4805253603256,26.6070056753689,25.8350306164669,27.3472194357367,26.4164377777777,0.5514233763376,26.0981289524629,26.2146839929120,25.4513700061463,26.8299821098087,26.1056938444925,0.2747474852667,0.0000000000000
26.1255968008125,26.1190945836702,26.0154986826348,26.2480204865557,25.7626311719215,0.1309854019570,25.5232145333333,25.8426747860434,25.1396280595509,25.8900202391905,25.2740065746219,0.4634175851483,0.0000000000000
26.5801593430980,26.8219212491514,26.1728276722319,27.3578287965616,26.1206390081068,0.6183041815129,26.6144271718602,26.7926965875371,26.2128019364345,27.5059014285714,26.2843410770855,0.6989352574071,0.0000000000000
27.6353558371735,27.5726839681876,27.5648216833096,27.5341453287197,27.7300535836177,1.6004261409587,27.3808280925912,27.2157479158396,27.2909309478972,27.4330274049217,27.3670748949179,1.3266952908941,0.0000000000000
26.9865647532731,26.5026496350364,26.9259108562974,26.9139634433962,27.3298541854185,0.9180945300372,27.0103470126735,26.0766813664596,26.9911625606570,26.9546341463414,27.5805680499776,0.9124208476291,0.0000000000000
28.5980844163448,28.8812154551408,28.0608339702761,29.3455789855072,28.3104939516129,2.6495305906343,28.6213496126644,28.3776423125794,28.1390470245527,29.4932379623168,28.6921545363908,2.6755204589599,0.0000000000000
28.1280259363108,26.7528914405010,28.5156647950590,27.4285196592399,29.1174155474155,1.9536228605539,28.0626425146511,26.4233757178015,28.3432874166835,27.3898359001593,29.2240760773966,1.8451437780102,0.0000000000000
27.1454232970486,26.2168509234829,27.2204728867624,26.8799860335196,27.1963020558777,0.8784029749106,27.6259810301093,26.3346273885350,27.9160689940095,26.9931778546713,28.1094139626352,1.3383220499628,0.0000000000000
26.7614801032982,26.9199644103280,26.2724582985822,27.3850743626062,26.3719603053435,0.7373643442150,25.8590228702806,26.2607574221578,25.3040118811882,26.6034908692476,25.2103393541324,0.3374742640212,0.0000000000000
28.8432406194163,28.2398866340098,29.0435971989966,28.3318527245949,29.1300340575455,2.6863426537867,28.6669181082765,28.5128931147540,28.6312298695457,28.6002444626743,28.9125850178359,2.6642381162025,0.0000000000000
26.6365231584524,26.4194917218544,26.4988425943486,26.3892530465950,26.3837799442897,0.4282153034744,26.0918235910327,25.5101101094655,25.9555891341256,26.0555077688005,25.9568291079812,0.3367000909602,0.0000000000000
29.6063748109306,28.8825134811264,29.9592696188341,28.8378206303725,30.5429112730390,3.5556287508430,29.1237581357975,27.9663049730377,29.6561458977626,28.1724430919050,29.7941588100686,2.8972631931935,0.0000000000000
28.7377635626163,28.3198521358160,28.4580739490642,29.0943263825929,29.2048646322379,2.7692792749277,28.9685762500001,28.7523664739885,28.7281981951872,29.0989222423146,29.2189003623188,2.9495968184523,0.0000000000000
27.1088284012993,27.1541834146342,26.9373719320327,26.9538068459658,27.0628622754491,1.0270561170204,27.6131303512145,27.6358445595855,27.4837848063848,27.4502804171495,27.2058531468532,1.4439407324932,0.0000000000000
25.6581308998678,25.4453024142313,25.3447606767073,26.1963615432483,25.8014329738059,0.3037520849048,25.7334692430823,25.1529789272030,25.8049921543682,25.8862582538517,25.7230487664946,0.4106765517047,0.0000000000000
24.8713241164921,26.0313760416666,23.7826540510233,26.7212616926503,24.1551399116348,0.9880229220814,24.4662228739003,25.5949717832957,23.4799387997623,26.1426690734056,23.8963937500000,1.2215066483841,0.0000000000000
22.3875641127430,23.1190651920838,21.6300857341200,23.6310318725100,21.5333990867580,3.5216045286321,22.0288208495792,22.8075263803681,21.3510158615717,23.1284823196606,21.2713772401434,3.8603995495641,0.0000000000000
29.0386603198783,28.1233279320987,29.2883781207444,28.5641968750000,29.8503007307475,2.9565509146477,28.5192008541642,27.8187675050986,28.6297301962639,28.1922300542215,28.9676713244228,2.4020997700017,0.0000000000000
32.4709475649603,32.0823755068938,32.6988214285714,32.3614220846234,32.7867681047766,6.4823467812163,32.0943749804044,31.5336159600997,32.3886835948645,31.8051313240043,32.3949434406913,6.0305935799149,1.0000000000000
26.9933380254155,26.5355017381228,26.9524573274397,26.8410617577197,27.3765123574144,0.9263832951742,26.3332512472561,26.3864823008849,25.9309445852952,26.7502480211082,26.4510851466414,0.3796900134824,1.0000000000000
28.0397372870501,28.2242613480055,27.5737972718721,29.0600529061103,27.6975341789993,2.1389114262468,27.1861886819082,26.9618021978022,26.9552769601285,27.8980549954170,27.3757695924765,1.2977259364561,1.0000000000000
32.3222198881292,31.6660797546013,32.5404725854554,31.8592106803219,32.6111338582677,6.1692242196616,30.7054918070096,29.7787920858484,30.9612650803591,31.0374925373134,30.7186635562468,4.6240533149419,1.0000000000000
24.4835014755707,24.1944139420111,24.4806930615445,24.2608351409978,24.5225427135678,1.6353787854697,25.3561585078839,24.3985154569892,25.7231476222673,24.8829016282226,25.5745553470920,0.8667937974909,1.0000000000000
33.0369172666757,32.5350515988371,33.4242186432406,32.3550436300175,33.2152165775401,6.8823826124088,33.6086745680421,33.3780542398778,33.8157294180747,33.4322358490566,33.6615668265936,7.5718965834007,1.0000000000000
29.0916447317390,28.3406790123457,29.4724507735583,28.2717072368421,29.7863045535186,2.9677853940662,27.5312718663687,27.0553951612903,27.4074713917525,27.5979005145797,27.9217695522388,1.4956341549653,1.0000000000000
31.6038646003262,30.2053133583021,32.3700210953346,30.6455865237366,31.6219834710744,5.2107261121119,30.0739000549754,29.2229594972067,30.5430355674342,29.3170700808625,30.5566753246754,3.9099351175447,1.0000000000000
29.7298210412148,29.0303072877535,30.0614739140987,29.3797278782112,29.9074855286474,3.5947486521777,30.0818948116561,29.3786477272727,30.2951237201365,29.9979522983521,30.5536580273579,4.0563454432798,1.0000000000000
34.6977973305688,34.1609915188896,35.0144243391066,34.3229381107492,34.7843253968254,8.5706698413927,34.3065579311227,33.7629707388442,34.5836055516678,33.8226163522012,34.5486769323672,8.1794673937701,1.0000000000000
31.6938281340266,31.0570355846043,32.0308694377830,31.4084945553539,31.7384815560026,5.5587202834360,31.8624734078361,31.5311039776693,32.0911927244583,31.5869847844463,32.1430705882353,5.8380880187023,1.0000000000000
32.0828533862834,31.3752515842838,32.4784325419802,31.5173257142856,31.8955178866263,5.8166319317940,32.8102389859708,32.6266287349014,32.8528795918367,32.9231461937716,32.3040279263221,6.6766706117080,1.0000000000000
28.0622506498838,28.7956330014224,27.3163943152454,29.0068463949843,27.1966020671834,2.0788689447089,27.4670510299004,27.5179486251810,26.9412116040956,27.5068601532567,28.1201660079051,1.5215465976096,1.0000000000000
32.3871089797386,32.3105412011173,32.3783466144133,32.4201526045488,32.7760578831311,6.4712745758026,31.7006221743810,31.0617169960474,32.0231019539079,31.1362585616438,32.1688557089084,5.5974833051269,1.0000000000000
33.9024824402060,33.5416166666667,34.2648760606839,33.3074063829788,33.6094202569917,7.6808298418303,33.7064514635806,33.1418663761801,33.9214662095985,33.4344295991778,34.2059518787079,7.6759285159161,1.0000000000000
32.7819299312111,32.5053611963190,32.9333444767442,33.0046655290103,32.3878959757023,6.7078167944439,33.0466947723439,32.9806553524804,33.1494686868687,33.2700987770461,33.0991700996678,7.1248482290158,1.0000000000000
31.0546821445668,29.9129859154930,31.8654766676210,29.7689434968017,32.1118102998696,4.9148040949463,30.7107208706785,28.9132718750000,31.7879535789159,29.0423832879201,31.8978072776281,4.4103540048660,1.0000000000000
29.7028794159210,29.4389097807757,29.7724800582241,29.3749490874159,30.4071496118560,3.7483721345680,26.7693787600623,26.8644365303244,26.5837063360881,26.7334414746544,27.6327345911949,0.9535797330654,1.0000000000000
31.0897807582260,30.2988073721759,31.6967745521926,29.9513002183406,31.7063816543816,4.9133159492727,31.6915304900182,31.1436888646288,32.1831406969099,30.6110594795539,32.2367301717089,5.5436548032004,1.0000000000000
29.8887024333720,30.1700985748218,29.5374775613887,30.4019516666666,30.0352628624883,4.0361976663414,29.9548988510927,30.1919436038515,29.7820200573066,29.6847794943820,30.1316161228407,3.9475898195952,1.0000000000000
31.0839809408926,30.7102066869301,31.2227168674698,30.8819245014245,30.8006495633188,4.9038744047858,29.7590877279447,29.8714234620887,29.4834702434626,29.9117220394737,29.8797528473804,3.7865921481013,1.0000000000000
30.7211911507520,29.1286462018731,31.6670082592122,29.0440190763052,31.0926675508400,4.2330852720576,30.7006775763679,29.6731163021869,31.2098170692431,29.8042492890995,31.1369257095159,4.4560270925114,1.0000000000000
29.1331281633676,26.8694951159951,30.3965938252683,27.5367701465202,30.1940809178744,2.7492350014145,30.4583872267676,28.6376026977314,31.4124566383550,29.2954042933810,31.3612241280732,4.1766719393852,1.0000000000000
28.7188296439984,27.5477009987515,29.4113233988586,27.8583823129251,28.9850674623768,2.4506185432280,32.4276747465329,31.0971501256281,33.1951710738101,31.3787258485640,32.8081906412478,6.1198094223125,1.0000000000000
32.0697984597312,30.8701042722665,32.8897778841550,30.9405011857707,32.5426413110698,5.8107561633155,32.1041560517971,30.5284101894186,32.9736359671627,31.0069619131975,33.0339896151496,5.8857494212321,1.0000000000000
32.3474915097252,31.8536109725685,32.6230434275721,32.1331366024519,33.0007541456380,6.4026362870576,32.3392248356464,32.5419683153014,32.2880144457547,32.5208131274131,32.2242877697842,6.3937709145633,1.0000000000000
32.4502479925054,31.8056106870229,32.9467889221556,31.8867042483660,32.4910928961749,6.2825491884299,31.9136555384830,31.4437999999999,32.3549925153702,31.2192259786477,32.2214731457800,5.8098729099495,1.0000000000000
25.2553854166666,24.7609207579673,25.1926559806035,25.1099170731707,25.7069695162359,0.8073841680056,24.1922619206399,24.1461568457539,24.0467036434613,24.1370324267783,24.4329860788863,1.8092802512801,1.0000000000000
27.8619795348839,27.3813627118644,27.9332795341099,27.8109115577889,28.2099553440703,1.8338772869584,29.0781562357934,28.7867986918605,28.9295881846859,29.7676729758150,29.6111803892214,3.2738100603957,1.0000000000000
28.4156797238270,27.7446474763407,28.6216599023889,28.0346432119205,29.5315681674065,2.4831296895142,28.2516227713043,27.8663055162660,28.2001419851380,28.4201742627346,28.7844279161206,2.3177624200648,1.0000000000000
30.5321531018782,30.8158083228248,30.1132246649916,31.3357504690431,29.7468122001371,4.5028989142491,31.7416818181818,30.8815521628499,32.2716573859243,31.4914771287825,31.0811638554217,5.4314626332446,1.0000000000000
32.3072613090102,30.0136927710843,33.8674137692839,29.8249069279217,34.1391585274230,5.9612929989282,31.1301865004705,29.4580865775712,32.1450849858358,29.3292300944669,32.5070366232154,4.8598595702723,1.0000000000000
25.0658614441037,25.0890576923077,24.6963105605605,24.6155054263566,25.4282230130486,1.0427258269316,23.9340418262602,23.1965582329317,23.9581114903299,23.4665244897959,25.2808769946809,2.0244821980654,1.0000000000000
30.8532912156775,29.4221370814908,31.4170193814434,29.9824179206566,31.4963590956888,4.5794833698199,31.4153076396027,30.2100212483400,31.8463319362951,30.6778941954445,32.1120215000002,5.2115672200199,1.0000000000000
28.9837603084145,28.5036344712739,29.0153849679195,29.2358750000000,29.9711134259259,3.1815019662798,30.4435257327879,29.3929858030169,31.0791041601502,29.2698104651163,31.7877699604743,4.3824175971894,1.0000000000000
32.3702050686144,31.0994047764850,33.0257404135714,31.6899346230821,33.3120887780549,6.2817921477984,31.8283078124999,30.4933736473584,32.7481552096845,30.3332324290999,32.5902697881828,5.5412577685814,1.0000000000000
24.6009549598833,24.4394948770492,24.4688125810635,24.5607268518519,24.8600510396975,1.4177286625845,24.0739597849462,24.4464289127838,23.6983594104309,24.6050952380952,24.0369957627119,1.8032801689946,1.0000000000000
30.0433957199857,28.7858201438849,30.7475611368144,29.0413924205379,31.0067324525187,3.8953765384389,30.3333163228375,29.0354284153005,30.9619937325905,29.3465520408163,31.0922631578947,4.1090593366505,1.0000000000000
31.1616839843022,30.6311927592954,31.4486144336787,30.8352826086957,31.0956374045801,5.0026818015625,30.9235289091995,30.5865035317861,31.1035822368421,30.8381764705882,30.8694235074626,4.8494214366697,1.0000000000000
32.5265131304710,31.7757935483872,32.8491306289542,32.2543167053364,32.8716993143977,6.4377350492689,32.1761564021164,31.9378104738153,32.2352169478228,32.2112756892231,32.2494880829016,6.1584477984407,1.0000000000000
31.2428516681137,30.1815419034092,31.7592526339902,30.6334609773888,31.9589314040730,5.1332967297153,31.7074658939999,30.6940510006456,32.1746293561043,31.0418895391367,32.2384712362301,5.5372602830292,1.0000000000000
31.1501690287931,30.8433145580588,31.2132379534382,30.8920471293915,31.5022249283667,5.1127061423138,31.0856466802702,31.1514829351535,30.9077044714243,31.1531001042752,31.3904417758370,5.1506823216725,1.0000000000000
29.8894500766084,29.0008857615894,30.2733125425266,28.9384992592593,30.5781539763114,3.6977128849217,31.1332107300147,29.9154646393211,31.6893175866497,30.0034827586207,32.1356207524273,4.9359714342547,1.0000000000000
25.9521007590418,26.3914523990860,25.6338239112795,26.5104304047383,25.5120797679478,0.1889947811493,26.5662668740284,26.1886173657101,26.5882976401178,26.3378695652174,27.3187811188811,0.6394566398729,1.0000000000000
30.5009486728494,30.0632197712418,30.8086443842218,30.0485700757575,30.6034838963079,4.3809795318823,30.0161703577511,29.5558449675324,30.2495496742671,29.8123745583038,30.1056964720195,3.9308664180307,1.0000000000000
31.8922358808466,31.0510639868746,32.3608968005773,31.3235621019107,32.3847488902982,5.7800679449152,29.7513470097358,29.6510376712329,29.6428494148243,29.8682185970636,30.1858032454361,3.8369772321392,1.0000000000000
33.5536962887301,33.3664138634047,33.7576895794100,33.3865888372093,33.8115017301038,7.5805485025319,32.6615102005830,32.0198485772357,32.9823415504380,32.2359445564515,33.4104464135020,6.6621452744068,1.0000000000000
30.7091488764045,30.5087062634989,30.5468848046312,30.8319768924303,31.4040417847025,4.8229024363157,30.8369849598359,30.1770272628135,30.9422979714000,30.6394182305630,31.3347533039646,4.7733741921853,1.0000000000000
28.0245864497328,27.1627824296499,28.4670426112510,27.3011692432872,28.4539560197911,1.8462375759948,27.1784082479263,26.3203996519722,27.4746479543292,27.0059894480519,27.7464124922696,1.1368623866557,1.0000000000000
32.1708509954251,32.2107970909091,32.0992442091331,32.3485018754689,32.4359594285714,6.2736256510206,32.0929220581340,32.3255135685211,31.8335506897309,32.5070173250174,32.3979938271606,6.2660188526075,1.0000000000000
28.4936873604288,28.4755665976535,28.3436552863436,28.5242816753926,29.0072870991797,2.5876976646424,29.0539537242472,28.7968755670771,29.1191340523883,28.7966575682382,29.5382026431717,3.0627174577188,1.0000000000000
28.6362577122578,26.9693438016529,29.4403135845315,27.5345691188359,29.5369454022988,2.3702929768298,28.5570714977183,26.7735963235294,29.3805957278480,27.4714786944696,29.5185192307692,2.2860474941541,1.0000000000000
27.1586868729099,27.5017660148348,26.8471657794675,27.2533619142572,26.7945307797538,1.0992061220783,25.9881772151903,25.8263662613981,25.9271086142322,26.1586112440191,25.7734865030675,0.1921611514368,1.0000000000000
28.8388048532155,28.3479666080844,29.2187860326894,28.1715954106280,28.9215485436893,2.6649741487728,28.8476522050914,28.2508911253431,29.2274520958083,28.4453288508557,28.9235881849315,2.7118150642347,1.0000000000000
31.4623643307873,31.2306342957129,31.8114399260629,30.6417444889779,31.9975101874490,5.4203322245507,31.5962003988036,31.2176794019933,31.9188171464729,30.9542380952380,31.9819743370401,5.5181772451861,1.0000000000000
28.7089965274231,27.6966802475503,29.1730640457734,27.7812777394900,29.6564696132596,2.5768729115183,27.3979425230407,25.6961095641647,28.1550295503988,25.8681797052155,29.0689223677826,1.6649156622003,1.0000000000000
27.2784672489086,27.0716285892634,27.1320983159980,27.4193063343717,27.8197452190006,1.3606946146584,32.3845429042906,32.0582248480757,32.6343383593151,32.0687564234328,32.4438850653820,6.3013011740514,1.0000000000000
24.0266848641051,23.9671543985637,23.9067700911350,24.2011807387863,24.0261901098901,1.9746761654062,25.8607378763869,26.6409578577699,25.3523736199885,26.8247406568516,25.3386031042129,0.4436804476050,1.0000000000000
32.6755848484849,32.4359311449160,32.9245883720931,32.2939299014238,32.8547523602033,6.6273004446591,32.6552851667849,31.9444064465409,32.9825799619876,32.4721940928271,32.8704268965518,6.5674018494768,1.0000000000000
32.1190415237195,31.9533359123147,32.1649104944711,32.3962103585657,31.8028118361153,6.0793171503667,32.0042186876394,31.1507454084863,32.5690778985509,31.2270729709605,32.2252333146383,5.7930323981590,1.0000000000000
26.1085770603759,26.5279113796576,25.5990654154016,26.8614306976744,25.6279683544304,0.2905770768750,25.8737997252330,26.7113106557377,25.0853861971830,27.0111553287982,25.0497836477987,0.6468240348885,1.0000000000000
28.2891625398382,27.5645850986121,28.5495672630880,27.9269492242595,28.5617437357631,2.1507113304307,28.2414875061246,28.5382790378006,27.7993911214953,29.3129645283019,28.0991656675749,2.4374500887932,1.0000000000000
32.0836115153036,31.8506258018532,32.1300440293531,32.2482279293740,31.5705664556962,5.9498660540691,32.1481772473339,31.1356258992805,32.5911195495928,31.4277929203539,32.7414039593366,5.9739855821410,1.0000000000000
34.5350365123706,32.7838769401331,35.6121446453412,32.7635289473685,35.3622640977443,8.1304536576468,33.7333232136246,32.5301409978308,34.4267889727600,32.6993360323886,34.0631146645865,7.4298451668915,1.0000000000000
21.5228251413658,22.1779769717904,20.8400092769443,22.4720089399745,21.1847983251919,4.3313016215247,20.4219561574143,20.9002253521127,19.7818158501443,21.2640018761726,20.2666654163541,5.4468228763041,1.0000000000000
26.9109655415740,26.8798042773817,26.7327462524440,26.9384685121108,27.1803837459633,0.9328506969749,26.9917994445791,26.8016725490196,26.9068990213523,27.0111640127388,27.0071025338833,0.9317095292485,1.0000000000000
29.0902858774810,27.1491315175097,30.0100002516356,27.6383658310120,30.4455742574258,2.8107679643958,27.7383059595100,26.4057530364372,28.2576205779097,26.8299830205540,28.8706542800265,1.5910027287319,1.0000000000000
34.8676382074826,34.1582606161532,35.4910946601946,33.6036422628952,35.2291556420233,8.6205382953166,35.2817939997235,35.1653587328767,35.5576935955357,34.5988387850467,35.5844615384614,9.2265881629801,1.0000000000000
30.8636953950148,30.5024770797962,30.9861340823971,30.9268336314847,30.9330090252708,4.8371134547372,29.9804173735009,29.7261769165964,29.9702480368265,30.1047695312500,30.2146006211181,4.0039487764478,1.0000000000000
29.9893100252737,29.2339238683128,30.3510769230769,29.4606453433679,30.4026571008095,3.8620758088918,29.9941203165372,29.3655956022945,30.2282218769422,29.8751916747338,30.3222353347137,3.9478111221711,1.0000000000000
26.9846815068497,27.6342831021437,26.2944357612545,27.8908384236453,26.9690025364617,1.1971399558763,27.1367317527974,27.8097819879187,26.4683835902795,27.8872462039045,27.0986018292682,1.3160034028428,1.0000000000000
29.3062244100894,27.7498653516295,29.9179473206177,28.8357935606060,30.0220393641181,3.1314113992428,29.3364772686753,28.0816805555555,30.0477216281478,28.5341071428571,29.7366644674835,3.1000434485110,1.0000000000000
29.6265443670502,29.4551131770412,29.4297108834117,29.9352278978389,30.1954038054968,3.7538639409472,29.6494879709487,29.2609666666667,29.4766440578000,30.0135881188118,30.3959550033580,3.7867884616591,1.0000000000000
30.7036292349726,29.3817404580152,31.4456035842296,29.3170483437780,31.0760912951167,4.3051209202849,30.8997137032004,29.8409840000000,31.4576311071271,30.2497947189096,30.7954827352742,4.5859731403277,1.0000000000000
30.7587038159772,28.7067981836529,31.9369708802117,29.0129454926625,32.2054736012608,4.4655470394470,31.3693594454073,29.8003704028021,32.2940102921648,29.8374006734006,32.6263745791246,5.1395389868730,1.0000000000000
33.5667697954904,33.1954468242245,33.8811420569124,32.9197233661594,33.7288776699029,7.4312974792998,33.7073285460092,33.5460108108108,33.8541220984215,33.4439379524302,33.7816370280146,7.6564269724193,1.0000000000000
33.0547186555220,32.6150191570881,33.4120353403142,32.4492095238095,33.3494235993209,6.9564219051332,32.9282648583276,32.8032691924227,33.2045607353908,32.2804567901235,33.0582550335571,6.8366354378735,1.0000000000000
31.5937061533012,31.2099309744778,31.7077048851218,32.1843495702005,31.6080366463076,5.6775055190269,29.4684189598586,29.3855998598458,29.6710749154180,29.4413530259366,29.8065535506403,3.5761453379602,1.0000000000000
26.4470208690235,27.1597445887445,25.6372555366269,27.8357456242707,25.9507047546012,0.6772348577474,26.0970629768143,26.7717100130039,25.3658276558891,27.4001496350364,25.2996531468531,0.6265947113245,1.0000000000000
28.9988988129705,27.8174299201162,29.5620496911847,28.1687966942148,30.0781964912280,2.9066181991859,28.0656427163863,27.5644793850454,28.1256677495569,27.7960524064171,28.6224223021583,2.0271554607944,1.0000000000000
27.9453205661947,27.9861959654179,27.5187781690141,28.7762642390289,28.0512617397998,2.0831250283152,28.1491654371588,28.2616345291480,27.7495981986489,28.7394188034188,28.3421213793103,2.2731932276315,1.0000000000000
33.9888483600738,32.8611383352872,34.1772773299747,33.7041413721413,35.1882521856086,7.9827023057529,34.0640970559235,32.4140615784909,34.6485078547514,33.0359553805774,35.1545029821074,7.8132569489818,1.0000000000000
30.7259646395367,29.2348773373224,31.5716155334439,29.3872308533917,31.9232403560831,4.5292410200603,28.8983694743132,27.4245851137147,29.7732954139369,28.0124287128713,29.6488126445644,2.7147804712718,1.0000000000000
29.7314389318547,28.8082781104457,29.9803526675788,29.4915179856115,30.5982101449275,3.7195897271409,29.7532512904103,28.5028880426505,30.0644347371175,29.0381853582555,31.4611469816273,3.7666637799127,1.0000000000000
22.5867153870864,23.6148157248158,21.7546606042828,23.4983076098607,22.0657926199262,3.2666058602787,22.5358578844906,23.8451438152012,21.5397101493448,23.5626427656850,21.9735000000000,3.2697508174422,1.0000000000000
28.9766327748160,28.6669920318725,29.2324344812164,28.5201414448669,29.1413416252073,2.8902273957908,29.0551425565492,28.5080177252585,29.2869064087061,28.7174313011829,29.4517461928934,2.9910254070102,1.0000000000000
30.0311510671276,27.8489347101933,30.8947210224769,29.1047885590152,31.4794322580645,3.8319691374375,28.9014268876612,28.3254261857047,28.9761444418220,29.0260571205007,29.1749703023758,2.8756495126008,1.0000000000000
32.8515326963644,32.6027977272727,33.0698574324326,32.6192629682998,32.8408512793177,6.7831923518307,31.8239465489765,31.2492712464589,32.4432131299123,30.7589945567651,31.8005667718190,5.5630114262388,1.0000000000000
31.6537234354192,29.2470020576132,32.7906590312576,29.3557404651163,33.7275076717812,5.2802273064421,31.2784153946511,29.0857459177008,32.2358638909181,28.8312036857420,33.1364039948453,4.8223043723016,1.0000000000000
25.6829825364717,25.9281409168080,25.3060210526315,26.3088178368121,25.3644135593221,0.2731516586066,25.3101708910674,26.2723964781217,24.5549083569713,26.5593176470588,24.8259304556356,0.6127188281434,1.0000000000000
33.7940830017056,33.3829173652694,34.0172527818601,33.2696632302405,34.0087000547345,7.6696333580261,33.9199306755259,33.5621122685185,34.3418776119401,32.6972403100775,34.1730552513689,7.6935713604763,1.0000000000000
35.6009731779502,35.3193466807165,35.9114421190327,35.1257572463768,35.5430873087308,9.4749083387142,35.5596122270743,34.8146485922835,35.9313533204388,34.9604893617021,36.0625389773680,9.4422575629481,1.0000000000000
34.6328842305860,34.2856284671532,34.7100728010249,34.7168423295454,34.8662199036918,8.6446908753538,35.0633676996423,34.6814053350684,35.3246012854610,34.6275955143077,35.3460654258319,8.9949168901673,1.0000000000000
25.6695235644641,26.2395022255192,25.1114965243296,26.6361129163281,25.2806220000000,0.3708741543794,26.4435627997410,26.5974426559357,25.8909920575824,27.5876730930428,27.1397217105263,0.8039573792718,1.0000000000000
26.9901977769728,26.3206973415133,27.2722637386890,26.8598524590164,27.4562444567627,0.9772644989953,25.6624815186070,24.2641830188680,26.3812755150934,24.7304339948231,26.6014160134378,1.2470186287100,1.0000000000000
25.2088837393025,22.6946447453256,26.6385968253968,23.1417525337838,26.7433394206549,2.1363847417356,26.6718941418295,25.0626850291640,27.3708388198000,26.3032849740932,27.0573319791062,1.0155501989122,1.0000000000000
31.4361749531635,31.6853788321167,31.4571491803282,31.3950079505299,31.2513916544655,5.4472319043601,31.1970039281707,31.2201514032496,31.1612128781573,31.3359558823528,31.0977908196721,5.2037777458579,1.0000000000000
30.1428350303168,29.2850964912281,30.6895974895399,28.9788130498533,31.1466109375001,4.0250294920304,28.7809874220964,28.4383733075435,28.7985852346104,28.4912481848185,29.2468710382513,2.7437694413059,1.0000000000000
28.8501414934566,29.5121405550583,28.3684873271888,29.5178061946902,28.5217031250000,2.9800343004843,27.0044123867071,27.6436663886572,26.1255901256207,28.2562535344015,26.6618621169916,1.1718430414178,1.0000000000000
30.7617256760523,30.5736114732725,30.8200196695515,30.5471755218216,30.8547720403024,4.6988946762370,30.5541356106144,30.3634761560694,30.6892860669228,30.1217038988408,30.8734541910332,4.5119800782165,1.0000000000000
25.1295166120735,25.0729479103574,24.9064403274450,25.4837916981132,24.9868272677893,0.8874981990738,24.8395973953073,25.4275331395350,24.0530388648982,26.4004457236842,24.4576577986437,0.9155539801518,1.0000000000000
28.1045423606082,28.0676653620352,27.9765739628819,28.0715940695297,28.5363223196223,2.1630389285173,28.5169149174365,28.4246605691057,28.4587953231738,28.4184736842105,29.5569775353017,2.7147267779479,1.0000000000000
29.8220025246150,31.1503672798948,28.6418150382918,31.9665813771518,28.6561293001186,4.1037232488643,29.7618968963705,30.7625977616853,28.7359093434343,31.5679621811785,29.2382477286492,4.0761792537368,1.0000000000000
28.3437684092188,28.1017551146931,27.9662071721310,28.9218978388998,28.6576626819125,2.4118807019091,29.7466837283864,28.8293066332917,29.7729237122365,30.0145536175711,30.2915965109736,3.7270951185182,1.0000000000000
24.2990760665415,24.5181808731808,23.6207450507001,25.3326801762115,24.6014177386595,1.4817440403120,24.6125192550063,24.4992983465133,24.3738949333332,24.5928304195804,24.7149863013699,1.4547474998008,1.0000000000000
30.4435719986697,29.2752132796780,30.8722988405796,29.6918459152017,31.5579429223745,4.3493252394585,30.3967556474706,29.1242749490835,30.9308722786647,29.5665831758034,31.4626290672451,4.2710898676992,1.0000000000000
29.5289168765743,28.8523911939034,29.8197959459460,29.0723748925193,29.3603337921541,3.2762239561307,27.8838250476609,27.2859348579348,28.0026965517242,27.7280227488151,27.7236215805471,1.6850689347553,1.0000000000000
29.0200924579736,28.8848681710213,28.9028832635983,29.1245362116992,29.0719899665552,2.9960694032185,28.5362240488492,27.2426670441676,29.1523140909091,27.5867725190840,29.6770000000000,2.4146884135402,1.0000000000000
33.3576441111924,32.8689353970390,33.5289478375701,33.1687695652174,33.9451307484220,7.3779458870621,32.7573871141422,32.5112628019324,32.9086888740839,32.5457096045198,33.3609715271787,6.8316582019287,1.0000000000000
23.8029412637200,24.8354129746835,22.6685451505017,25.3102604895105,22.9563300903405,2.0573628237410,26.5615247194420,26.9953312629399,25.8529491986694,27.4614340206186,26.4075342178771,0.6793121750262,1.0000000000000
27.8909190877850,29.7063881578947,26.2702891100055,30.5618527724665,26.4770078069553,2.2538844618305,27.3044444638187,29.4745100334448,25.5708130477117,30.0014129287599,25.8855462962963,1.7976640526973,1.0000000000000
25.1448198377687,26.0558618618619,24.0524521524540,26.3441430793157,24.8641478322672,0.6708487685253,25.3573335809806,25.4144723974764,24.6486380456779,26.2972296849088,25.1304988880652,0.6272902459679,1.0000000000000
27.4281513952977,26.8914902363823,27.3089172901081,27.7061779788839,27.7978464864865,1.4261079979652,26.4003136792452,27.4684195583596,25.3720414956680,27.7685971978984,25.9416933962264,0.8016671642041,1.0000000000000
28.8125034364261,29.4587636505460,27.9877048101266,29.9647671480144,28.2708095238095,2.9205112831241,29.2799391596149,29.7332377260982,28.5606639676112,30.2508685326548,28.8927494880546,3.3593799286047,1.0000000000000
30.1549347217903,29.7552185154295,30.2919142390415,29.9023038793104,31.8242730284957,4.4434274155693,30.4664418679034,29.0295328671329,31.2634116030534,28.6357418630752,32.0595302013423,4.2470541336509,1.0000000000000
32.3082658406524,31.8168751219513,32.6500874558304,31.8149443535188,32.3243583517292,6.1515663207574,32.0553940397350,31.5553247100803,32.3365572078907,31.6516810035843,32.3132697419859,5.9642081658853,1.0000000000000
25.4224625126646,25.5632956097561,25.0444333124609,25.7428587570621,25.3400364963503,0.5773439560926,24.5685095913260,23.9499358974359,24.1835627649169,24.8297534372136,25.0914909662215,1.4863142335530,1.0000000000000
31.2528270159793,30.3191764705883,31.7175435397673,30.4849966923925,32.5628269581057,5.2711359152134,32.2743330315104,31.0697944550669,32.9791184717841,31.2078376906318,33.9184822460777,6.2938082158901,1.0000000000000
33.0221254746573,32.9133782894737,33.1882918902802,32.3162305529523,33.4313229543809,6.9623059217718,33.6854170700225,33.6515380811078,33.6447295107509,33.6863469573116,33.7317358757062,7.6785876062191,1.0000000000000
32.7264597453828,31.9876643788607,33.0991154855643,32.5738487712665,33.4368667255075,6.7743738402998,32.2836961368442,31.0729664292981,32.9963162454874,30.9661125439625,33.3444750566893,6.0949675688593,1.0000000000000
33.4687818830241,33.6011382175227,33.8087163646347,32.7722239747635,33.5965566801619,7.4446588092707,33.1311720166977,32.1460667644901,33.8067867083216,32.5390513259196,33.4887276341948,6.9951581082315,1.0000000000000
26.1757139949109,25.5547939393939,26.1873673347294,25.9959223697651,27.3374807149576,0.7435329351320,25.8160872407995,25.9793087971275,25.4779858012170,26.1037655786350,26.5408805970149,0.3449551050088,1.0000000000000
